accuracy,precision,recall,f1-score
0.9613104404065291,0.9631208588653923,0.9584884699500515,0.9605025695756539
