accuracy,precision,recall,f1-score
0.9615799199260856,0.9634313318649825,0.9587376775850607,0.9607754698849129
