accuracy,precision,recall,f1-score
0.9609639667385279,0.9626780410521112,0.9582003991032597,0.9601546739650761
