accuracy,precision,recall,f1-score
0.9605020018478596,0.9622709391235849,0.957681793274361,0.9596786093881579
