accuracy,precision,recall,f1-score
0.9614259316291962,0.9631653983664702,0.9586599511614957,0.9606253340226787
