accuracy,precision,recall,f1-score
0.9629273175238682,0.9646188960335169,0.9602494577280893,0.9621633835370685
