accuracy,precision,recall,f1-score
0.960232522328303,0.9620550186108872,0.9573636895735785,0.9593994030035116
