accuracy,precision,recall,f1-score
0.9607329842931938,0.9625214490301344,0.9579066481559237,0.9599135062552615
